REGION	DISCTRICT	SETTLEMENT	TYPE	LON	LAT	CORNU	NOTABLE PRODUCTS	Cat1	Cat2	PRODUCT DIVERSITY	PRODUCT	JSON	
al-Iraq	al-Basra	Abbadan	towns	48.27639	30.33599	Cornu 3	Reed mats			low	other	 { "lat": 30.33599, "lon": 48.27639, "name": "Abbadan", "topType": "low", "product": "other", "comment": "towns: Reed mats (Cornu 3)", } , 	other
al-Iraq	al-Basra	Al-Basra	capitals	47.71794	30.40472	Cornu 3	Fish, dates, meat, vegetables, grains, dairy, silks, linens, galbanum, pearls, gems, antimony, cinnabar, verdigris, silver, henna, essence of violet, rosewater			high	foods	 { "lat": 30.40472, "lon": 47.71794, "name": "Al-Basra", "topType": "high", "product": "foods", "comment": "capitals: Fish, dates, meat, vegetables, grains, dairy, silks, linens, galbanum, pearls, gems, antimony, cinnabar, verdigris, silver, henna, essence of violet, rosewater (Cornu 3)", } , 	foods, other, textiles
al-Iraq	al-Kufa	Al-Kufa	metropoles	44.38095	32.0469	Cornu 3	Silk turbans, essence of violet, dates			medium	foods	 { "lat": 32.0469, "lon": 44.38095, "name": "Al-Kufa", "topType": "medium", "product": "foods", "comment": "metropoles: Silk turbans, essence of violet, dates (Cornu 3)", } , 	foods, textiles
al-Iraq	Baghdad	Al-Mada'in	towns	44.59468	33.09255	Cornu 3	Brick			low	materials	 { "lat": 33.09255, "lon": 44.59468, "name": "Al-Mada'in", "topType": "low", "product": "materials", "comment": "towns: Brick (Cornu 3)", } , 	materials
al-Iraq	Baghdad	Al-Nu'maniyya	villages	45.42572	32.59735	Cornu 3	Honey-colored wool cloth, garments			low	textiles	 { "lat": 32.59735, "lon": 45.42572, "name": "Al-Nu'maniyya", "topType": "low", "product": "textiles", "comment": "villages: Honey-colored wool cloth, garments (Cornu 3)", } , 	textiles
al-Iraq	al-Kufa	Al-Qadisiyya	towns	44.16721	31.7787	Cornu 3	Clay			low	materials	 { "lat": 31.7787, "lon": 44.16721, "name": "Al-Qadisiyya", "topType": "low", "product": "materials", "comment": "towns: Clay (Cornu 3)", } , 	materials
al-Iraq	al-Basra	Al-Ubulla	towns	47.83653	30.49856	Cornu 3	Linen, embroidery			low	textiles	 { "lat": 30.49856, "lon": 47.83653, "name": "Al-Ubulla", "topType": "low", "product": "textiles", "comment": "towns: Linen, embroidery (Cornu 3)", } , 	textiles
al-Iraq	Baghdad	Baghdad	metropoles	44.35661	33.35759	Cornu 3	Silk, rush mats, shawls, turbans			medium	textiles	 { "lat": 33.35759, "lon": 44.35661, "name": "Baghdad", "topType": "medium", "product": "textiles", "comment": "metropoles: Silk, rush mats, shawls, turbans (Cornu 3)", } , 	textiles
al-Iraq	Hulwan	Hulwan	capitals	45.85673	34.47903	Cornu 3	Grapes, figs, gypsum, stone			low	foods	 { "lat": 34.47903, "lon": 45.85673, "name": "Hulwan", "topType": "low", "product": "foods", "comment": "capitals: Grapes, figs, gypsum, stone (Cornu 3)", } , 	foods, materials
al-Iraq	al-Kufa	Sura	towns	44.3659	32.64543	Cornu 3	Fruits, grapes			low	foods	 { "lat": 32.64543, "lon": 44.3659, "name": "Sura", "topType": "low", "product": "foods", "comment": "towns: Fruits, grapes (Cornu 3)", } , 	foods
al-Iraq	Samarra	Takrit	towns	43.69726	34.59276	Cornu 3	Sesame, wool			low	foods	 { "lat": 34.59276, "lon": 43.69726, "name": "Takrit", "topType": "low", "product": "foods", "comment": "towns: Sesame, wool (Cornu 3)", } , 	foods, textiles
al-Iraq	Baghdad	Ukbara	towns	44.22385	33.85513	Cornu 3	Fruits, grapes			low	foods	 { "lat": 33.85513, "lon": 44.22385, "name": "Ukbara", "topType": "low", "product": "foods", "comment": "towns: Fruits, grapes (Cornu 3)", } , 	foods
al-Iraq	Wasit	Wasit	capitals	46.32048	32.19906	Cornu 3	Fish, draperies			low	foods	 { "lat": 32.19906, "lon": 46.32048, "name": "Wasit", "topType": "low", "product": "foods", "comment": "capitals: Fish, draperies (Cornu 3)", } , 	foods, textiles
al-Jazira	Diyar Rabi'a	Al-Haditha	towns	42.38721	34.10618	Cornu 2	Clay			low	materials	 { "lat": 34.10618, "lon": 42.38721, "name": "Al-Haditha", "topType": "low", "product": "materials", "comment": "towns: Clay (Cornu 2)", } , 	materials
al-Jazira	Diyar Rabi'a	Al-Hasaniyya	towns	42.95071	37.02848	Cornu 2	Cheese, partridge, chickens, fruits, raisins			high	foods	 { "lat": 37.02848, "lon": 42.95071, "name": "Al-Hasaniyya", "topType": "high", "product": "foods", "comment": "towns: Cheese, partridge, chickens, fruits, raisins (Cornu 2)", } , 	foods
al-Jazira	Diyar Bakr	Al-Jibal	towns	41.62311	36.23972	Cornu 2	Stone, clay			low	materials	 { "lat": 36.23972, "lon": 41.62311, "name": "Al-Jibal", "topType": "low", "product": "materials", "comment": "towns: Stone, clay (Cornu 2)", } , 	materials
al-Jazira	Diyar Rabi'a	Al-Mawsil	metropoles	43.12573	36.32392	Cornu 2	Fruits, meats, gypsum, stone, leather, grains, honey, coal, fats, cheese, honeydew, sumac, pomegranate seeds, pitch, iron, metal buckets, knives, arrows, fish, chains			high	foods	 { "lat": 36.32392, "lon": 43.12573, "name": "Al-Mawsil", "topType": "high", "product": "foods", "comment": "metropoles: Fruits, meats, gypsum, stone, leather, grains, honey, coal, fats, cheese, honeydew, sumac, pomegranate seeds, pitch, iron, metal buckets, knives, arrows, fish, chains (Cornu 2)", } , 	foods, materials, other
al-Jazira	Diyar Mudhar	Al-Raqqa	capitals	39.04911	35.9457	Cornu 2	Soap, olives, olive oil, soap, reed pens, quinces (fruit)			high	foods	 { "lat": 35.9457, "lon": 39.04911, "name": "Al-Raqqa", "topType": "high", "product": "foods", "comment": "capitals: Soap, olives, olive oil, soap, reed pens, quinces (fruit) (Cornu 2)", } , 	foods, other
al-Jazira	Diyar Bakr	Amid	capitals	40.20808	37.9142	Cornu 2	Black stone, wool, linens			medium	materials	 { "lat": 37.9142, "lon": 40.20808, "name": "Amid", "topType": "medium", "product": "materials", "comment": "capitals: Black stone, wool, linens (Cornu 2)", } , 	materials, textiles
al-Jazira	Diyar Rabi'a	Balad	towns	42.7585	36.47036	Cornu 2	Gypsum, stone, milk			medium	foods	 { "lat": 36.47036, "lon": 42.7585, "name": "Balad", "topType": "medium", "product": "foods", "comment": "towns: Gypsum, stone, milk (Cornu 2)", } , 	foods, materials
al-Jazira	Diyar Rabi'a	Dara	villages	40.94255	37.18499	Cornu 2	Black stone, cement			low	materials	 { "lat": 37.18499, "lon": 40.94255, "name": "Dara", "topType": "low", "product": "materials", "comment": "villages: Black stone, cement (Cornu 2)", } , 	materials
al-Jazira	Diyar Mudhar	Harran	towns	39.08954	36.88647	Cornu 2	Stone, qubbayt (fruit preserve), honey, jars, cotton, balances			high	foods	 { "lat": 36.88647, "lon": 39.08954, "name": "Harran", "topType": "high", "product": "foods", "comment": "towns: Stone, qubbayt (fruit preserve), honey, jars, cotton, balances (Cornu 2)", } , 	foods, materials, other
al-Jazira	Diyar Rabi'a	Jazirat Ibn 'Umar	towns	42.19923	37.28424	Cornu 2	Stone			low	materials	 { "lat": 37.28424, "lon": 42.19923, "name": "Jazirat Ibn 'Umar", "topType": "low", "product": "materials", "comment": "towns: Stone (Cornu 2)", } , 	materials
al-Jazira	Diyar Rabi'a	Ma'lathaya	villages	42.96065	36.81098	Cornu 2	Clay, dairy, coal, grapes, fruits, cannabis seed, hemp, meats			high	foods	 { "lat": 36.81098, "lon": 42.96065, "name": "Ma'lathaya", "topType": "high", "product": "foods", "comment": "villages: Clay, dairy, coal, grapes, fruits, cannabis seed, hemp, meats (Cornu 2)", } , 	foods, materials, other
al-Jazira	Diyar Rabi'a	Nasibin	towns	41.21882	37.05605	Cornu 2	Fruits, stone, cement, chestnuts, balances, inkstands, beating rods for fulling			high	foods	 { "lat": 37.05605, "lon": 41.21882, "name": "Nasibin", "topType": "high", "product": "foods", "comment": "towns: Fruits, stone, cement, chestnuts, balances, inkstands, beating rods for fulling (Cornu 2)", } , 	foods, materials, other
al-Jazira	Diyar Rabi'a	Ra's al-'Ayn	towns	40.05984	36.83795	Cornu 2	Gypsum, stone			low	materials	 { "lat": 36.83795, "lon": 40.05984, "name": "Ra's al-'Ayn", "topType": "low", "product": "materials", "comment": "towns: Gypsum, stone (Cornu 2)", } , 	materials
al-Jazira	Diyar Rabi'a	Sinjar	towns	41.89264	36.3212	Cornu 2	Palm wood, shoes, almonds, pomegranate seeds, reeds, sumac			high	foods	 { "lat": 36.3212, "lon": 41.89264, "name": "Sinjar", "topType": "high", "product": "foods", "comment": "towns: Palm wood, shoes, almonds, pomegranate seeds, reeds, sumac (Cornu 2)", } , 	foods, materials, other
al-Jazira	Diyar Bakr	Tall Fafan	towns	41.77809	37.72257	Cornu 2	Clay			low	materials	 { "lat": 37.72257, "lon": 41.77809, "name": "Tall Fafan", "topType": "low", "product": "materials", "comment": "towns: Clay (Cornu 2)", } , 	materials
al-Sham	al-Urdunn	Akka	towns	35.07575	32.92794	Cornu 1	Olive oil, stone			low	foods	 { "lat": 32.92794, "lon": 35.07575, "name": "Akka", "topType": "low", "product": "foods", "comment": "towns: Olive oil, stone (Cornu 1)", } , 	foods, materials
al-Sham	Dimashq	Al-Hula	villages	35.62302	32.98035	Cornu 1	Cotton, flowers			low	other	 { "lat": 32.98035, "lon": 35.62302, "name": "Al-Hula", "topType": "low", "product": "other", "comment": "villages: Cotton, flowers (Cornu 1)", } , 	textiles, other
al-Sham	Filastin	Al-Ramla	capitals	34.86175	31.9268	Cornu 1	Fruits, bread, figs, palm wood, stone, brick, marble, cypress wood, cedar wood, olive oil, raisins, poplin (fabric), soap, towels, veils			high	foods	 { "lat": 31.9268, "lon": 34.86175, "name": "Al-Ramla", "topType": "high", "product": "foods", "comment": "capitals: Fruits, bread, figs, palm wood, stone, brick, marble, cypress wood, cedar wood, olive oil, raisins, poplin (fabric), soap, towels, veils (Cornu 1)", } , 	foods, materials, other, textiles
al-Sham	Filastin	Amman	towns	35.91747	31.93207	Cornu 1	Grains, livestock, fruits, honey, olives, figs			high	foods	 { "lat": 31.93207, "lon": 35.91747, "name": "Amman", "topType": "high", "product": "foods", "comment": "towns: Grains, livestock, fruits, honey, olives, figs (Cornu 1)", } , 	foods
al-Sham	Filastin	Aqir	villages	34.80752	31.86115	Cornu 1	Bread			low	foods	 { "lat": 31.86115, "lon": 34.80752, "name": "Aqir", "topType": "low", "product": "foods", "comment": "villages: Bread (Cornu 1)", } , 	foods
al-Sham	Filastin	Ariha	towns	35.43599	31.86067	Cornu 1	Indigo, palm wood, bananas, dates, flowers			high	foods	 { "lat": 31.86067, "lon": 35.43599, "name": "Ariha", "topType": "high", "product": "foods", "comment": "towns: Indigo, palm wood, bananas, dates, flowers (Cornu 1)", } , 	foods, materials, other
al-Sham	Filastin 	Ascalon	towns	34.55469	31.66691	Cornu 1	Fruits, marble, silk			medium	foods	 { "lat": 31.66691, "lon": 34.55469, "name": "Ascalon", "topType": "medium", "product": "foods", "comment": "towns: Fruits, marble, silk (Cornu 1)", } , 	foods, materials, textiles
al-Sham	Dimashq	Ba'labakk	towns	36.19264	34.01477	Cornu 1	Grapes, figs			low	foods	 { "lat": 34.01477, "lon": 36.19264, "name": "Ba'labakk", "topType": "low", "product": "foods", "comment": "towns: Grapes, figs (Cornu 1)", } , 	foods
al-Sham	Dimashq	Baniyas	towns	35.96911	35.18022	Cornu 1	Grains			low	foods	 { "lat": 35.18022, "lon": 35.96911, "name": "Baniyas", "topType": "low", "product": "foods", "comment": "towns: Grains (Cornu 1)", } , 	foods
al-Sham	al-Urdunn	Baysan	towns	35.48967	32.50092	Cornu 1	Palm wood, rice, indigo, dates			medium	foods	 { "lat": 32.50092, "lon": 35.48967, "name": "Baysan", "topType": "medium", "product": "foods", "comment": "towns: Palm wood, rice, indigo, dates (Cornu 1)", } , 	foods, other
al-Sham	Filastin	Bayt al-Maqdis	towns	35.19908	31.78021	Cornu 1	Grapes, quinces (fruit), almonds, dates, nuts, figs, bananas, milk, honey, sugar, stone, marble, cedar wood, iron, olive oil, cheese, cotton, raisins, apples, pine nuts, mirrors, lamps, needles, rosaries, medicine			high	foods	 { "lat": 31.78021, "lon": 35.19908, "name": "Bayt al-Maqdis", "topType": "high", "product": "foods", "comment": "towns: Grapes, quinces (fruit), almonds, dates, nuts, figs, bananas, milk, honey, sugar, stone, marble, cedar wood, iron, olive oil, cheese, cotton, raisins, apples, pine nuts, mirrors, lamps, needles, rosaries, medicine (Cornu 1)", } , 	foods, materials, other
al-Sham	Filastin	Bayt Jibril	towns	34.88151	31.60679	Cornu 1	Marble, grains			low	foods	 { "lat": 31.60679, "lon": 34.88151, "name": "Bayt Jibril", "topType": "low", "product": "foods", "comment": "towns: Marble, grains (Cornu 1)", } , 	foods, materials
al-Sham	Filastin	Bayt Lahm	villages	35.18829	31.70854	Cornu 1	Palm wood			low	materials	 { "lat": 31.70854, "lon": 35.18829, "name": "Bayt Lahm", "topType": "low", "product": "materials", "comment": "villages: Palm wood (Cornu 1)", } , 	materials
al-Sham	Dimashq	Dimashq	metropoles	36.30364	33.52454	Cornu 1	Wood, brick, clay, fruits, marble, carnelian (precious stone), turquoise, olive oil, cloth, silk brocade, essence of violet, brass containers, paper, nuts, figs, raisins			high	foods	 { "lat": 33.52454, "lon": 36.30364, "name": "Dimashq", "topType": "high", "product": "foods", "comment": "metropoles: Wood, brick, clay, fruits, marble, carnelian (precious stone), turquoise, olive oil, cloth, silk brocade, essence of violet, brass containers, paper, nuts, figs, raisins (Cornu 1)", } , 	foods, materials, other, textiles
al-Sham	Filastin	Habra	villages	35.08654	31.53125	Cornu 1	Stone, grapes, apples, lentils, olive oil			high	foods	 { "lat": 31.53125, "lon": 35.08654, "name": "Habra", "topType": "high", "product": "foods", "comment": "villages: Stone, grapes, apples, lentils, olive oil (Cornu 1)", } , 	foods, materials
al-Sham	Qinnasrin	Halab	capitals	37.1767	36.19993	Cornu 1	Stone, cotton, cloth, salts, red ochre			high	materials	 { "lat": 36.19993, "lon": 37.1767, "name": "Halab", "topType": "high", "product": "materials", "comment": "capitals: Stone, cotton, cloth, salts, red ochre (Cornu 1)", } , 	foods, materials, other, textiles
al-Sham	al-Urdunn	Kabul	towns	35.21373	32.8655	Cornu 1	Sugarcane			low	foods	 { "lat": 32.8655, "lon": 35.21373, "name": "Kabul", "topType": "low", "product": "foods", "comment": "towns: Sugarcane (Cornu 1)", } , 	foods
al-Sham	al-Sharat	Ma'ab	towns	35.73402	31.25685	Cornu 1	Almonds, grapes			low	foods	 { "lat": 31.25685, "lon": 35.73402, "name": "Ma'ab", "topType": "low", "product": "foods", "comment": "towns: Almonds, grapes (Cornu 1)", } , 	foods
al-Sham	Filastin	Nabulus	towns	35.2407	32.22343	Cornu 1	Stone, grains			low	foods	 { "lat": 32.22343, "lon": 35.2407, "name": "Nabulus", "topType": "low", "product": "foods", "comment": "towns: Stone, grains (Cornu 1)", } , 	foods, materials
al-Sham	Dimashq	Nawa	towns	36.03	32.88169	Cornu 1	Grains, wheat			low	foods	 { "lat": 32.88169, "lon": 36.03, "name": "Nawa", "topType": "low", "product": "foods", "comment": "towns: Grains, wheat (Cornu 1)", } , 	foods
al-Sham	al-Urdunn	Qadas	towns	35.49121	33.12526	Cornu 1	Reed mats, ropes, fish, cloth			medium	foods	 { "lat": 33.12526, "lon": 35.49121, "name": "Qadas", "topType": "medium", "product": "foods", "comment": "towns: Reed mats, ropes, fish, cloth (Cornu 1)", } , 	foods, textiles, other
al-Sham	Filastin	Qaysariyya	towns	34.90001	32.49321	Cornu 1	Fruits			low	foods	 { "lat": 32.49321, "lon": 34.90001, "name": "Qaysariyya", "topType": "low", "product": "foods", "comment": "towns: Fruits (Cornu 1)", } , 	foods
al-Sham	al-Sharat	Sughar	capitals	35.46578	31.03794	Cornu 1	Indigo, dates			low	foods	 { "lat": 31.03794, "lon": 35.46578, "name": "Sughar", "topType": "low", "product": "foods", "comment": "capitals: Indigo, dates (Cornu 1)", } , 	foods, other
al-Sham	al-Urdunn	Sur	towns	35.20987	33.27172	Cornu 1	Sugar, glass beads, glass vessels			medium	foods	 { "lat": 33.27172, "lon": 35.20987, "name": "Sur", "topType": "medium", "product": "foods", "comment": "towns: Sugar, glass beads, glass vessels (Cornu 1)", } , 	foods, other
al-Sham	al-Urdunn	Tabariyya	capitals	35.50971	32.78303	Cornu 1	Stone, lotus fruit, sugarcane, fish, grapes, olives, plums, carpets, paper, cloth			high	foods	 { "lat": 32.78303, "lon": 35.50971, "name": "Tabariyya", "topType": "high", "product": "foods", "comment": "capitals: Stone, lotus fruit, sugarcane, fish, grapes, olives, plums, carpets, paper, cloth (Cornu 1)", } , 	foods, materials, other, textiles
al-Sham	al-Sharat	Wayla	towns	34.93683	29.54301	Cornu 1	Palm wood, fish			low	foods	 { "lat": 29.54301, "lon": 34.93683, "name": "Wayla", "topType": "low", "product": "foods", "comment": "towns: Palm wood, fish (Cornu 1)", } , 	foods, materials
al-Sham	Filastin	Yafa	towns	34.75356	32.06156	Cornu 1	Iron			low	materials	 { "lat": 32.06156, "lon": 34.75356, "name": "Yafa", "topType": "low", "product": "materials", "comment": "towns: Iron (Cornu 1)", } , 	materials
al-Sham	Filastin	Yubna	villages	34.73352	31.86886	Cornu 1	Figs			low	foods	 { "lat": 31.86886, "lon": 34.73352, "name": "Yubna", "topType": "low", "product": "foods", "comment": "villages: Figs (Cornu 1)", } , 	foods
Peninsula of the Arabs	Al-Yaman/Tihama	Adan	towns	45.00527	12.78199	Cornu 7	Grains, wheat, fruits, vegetables, agricultural foods, grapes, corn, ambergris, linens, shields, tiger skins, yellow dye			high	foods	 { "lat": 12.78199, "lon": 45.00527, "name": "Adan", "topType": "high", "product": "foods", "comment": "towns: Grains, wheat, fruits, vegetables, agricultural foods, grapes, corn, ambergris, linens, shields, tiger skins, yellow dye (Cornu 7)", } , 	foods, textiles, other
Peninsula of the Arabs	Hajar	al-Ahsa	capitals	49.53833	25.32201	Cornu 7	Palm wood, dates			low	foods	 { "lat": 25.32201, "lon": 49.53833, "name": "al-Ahsa", "topType": "low", "product": "foods", "comment": "capitals: Palm wood, dates (Cornu 7)", } , 	foods, materials
Peninsula of the Arabs	al-Hijaz	al-Awnid	towns	36.07315	26.91997	Cornu 7	Honey			low	foods	 { "lat": 26.91997, "lon": 36.07315, "name": "al-Awnid", "topType": "low", "product": "foods", "comment": "towns: Honey (Cornu 7)", } , 	foods
Peninsula of the Arabs	al-Hijaz	al-Hijr	towns	41.74814	25.95834	Cornu 7	Agricultural foods			low	foods	 { "lat": 25.95834, "lon": 41.74814, "name": "al-Hijr", "topType": "low", "product": "foods", "comment": "towns: Agricultural foods (Cornu 7)", } , 	foods
Peninsula of the Arabs	al-Hijaz	al-Jar	towns	38.56846	23.75433	Cornu 7	Grains			low	foods	 { "lat": 23.75433, "lon": 38.56846, "name": "al-Jar", "topType": "low", "product": "foods", "comment": "towns: Grains (Cornu 7)", } , 	foods
Peninsula of the Arabs	al-Hijaz	al-Marwa	towns	38.63514	25.62844	Cornu 7	Dates, palm wood, iron			medium	foods	 { "lat": 25.62844, "lon": 38.63514, "name": "al-Marwa", "topType": "medium", "product": "foods", "comment": "towns: Dates, palm wood, iron (Cornu 7)", } , 	foods, materials
Peninsula of the Arabs	al-Hijaz	al-Medina (Yathrib)	metropoles	39.64999	24.3857	Cornu 7	Palm wood, agricultural foods, clay, stone, marble, dates			high	foods	 { "lat": 24.3857, "lon": 39.64999, "name": "al-Medina (Yathrib)", "topType": "high", "product": "foods", "comment": "metropoles: Palm wood, agricultural foods, clay, stone, marble, dates (Cornu 7)", } , 	foods, materials
Peninsula of the Arabs	Al-Yaman/Tihama	al-Sharja	towns	42.75519	16.46296	Cornu 7	Grains, sorghum, milk			medium	foods	 { "lat": 16.46296, "lon": 42.75519, "name": "al-Sharja", "topType": "medium", "product": "foods", "comment": "towns: Grains, sorghum, milk (Cornu 7)", } , 	foods
Peninsula of the Arabs	Al-Yaman/Tihama	al-Shihr	towns	49.61378	14.73888	Cornu 7	Fish, frankincense			low	foods	 { "lat": 14.73888, "lon": 49.61378, "name": "al-Shihr", "topType": "low", "product": "foods", "comment": "towns: Fish, frankincense (Cornu 7)", } , 	foods, other
Peninsula of the Arabs	Uman	al-Sirr	towns	56.86106	23.03377	Cornu 7	Palm wood, dates			low	foods	 { "lat": 23.03377, "lon": 56.86106, "name": "al-Sirr", "topType": "low", "product": "foods", "comment": "towns: Palm wood, dates (Cornu 7)", } , 	foods, materials
Peninsula of the Arabs	al-Hijaz	al-Suqya (Yazid)	towns	38.38772	26.07942	Cornu 7	Palm wood, fruits			low	foods	 { "lat": 26.07942, "lon": 38.38772, "name": "al-Suqya (Yazid)", "topType": "low", "product": "foods", "comment": "towns: Palm wood, fruits (Cornu 7)", } , 	foods, materials
Peninsula of the Arabs	al-Hijaz	al-Suwariqiyya	towns	40.35483	23.23842	Cornu 7	Agricultural foods, livestock			low	foods	 { "lat": 23.23842, "lon": 40.35483, "name": "al-Suwariqiyya", "topType": "low", "product": "foods", "comment": "towns: Agricultural foods, livestock (Cornu 7)", } , 	foods
Peninsula of the Arabs	al-Hijaz	al-Ta'if	towns	40.42678	21.19409	Cornu 7	Pomegranates, raisins, grapes, fruits			medium	foods	 { "lat": 21.19409, "lon": 40.42678, "name": "al-Ta'if", "topType": "medium", "product": "foods", "comment": "towns: Pomegranates, raisins, grapes, fruits (Cornu 7)", } , 	foods
Peninsula of the Arabs	al-Hijaz	Amaj	villages	39.320278	22.071528	Cornu 7	Stone, clay			low	materials	 { "lat": 22.071528, "lon": 39.320278, "name": "Amaj", "topType": "low", "product": "materials", "comment": "villages: Stone, clay (Cornu 7)", } , 	materials
Peninsula of the Arabs	al-Hijaz	Arafa	villages	40.21424	21.29365	Cornu 7	Vegetables, melons, brick			medium	foods	 { "lat": 21.29365, "lon": 40.21424, "name": "Arafa", "topType": "medium", "product": "foods", "comment": "villages: Vegetables, melons, brick (Cornu 7)", } , 	foods, materials
Peninsula of the Arabs	al-Hijaz	Badr	towns	38.85975	23.65255	Cornu 7	Dates			low	foods	 { "lat": 23.65255, "lon": 38.85975, "name": "Badr", "topType": "low", "product": "foods", "comment": "towns: Dates (Cornu 7)", } , 	foods
Peninsula of the Arabs	Uman	Dhank	towns	56.34077	23.51546	Cornu 7	Palm wood, dates			low	foods	 { "lat": 23.51546, "lon": 56.34077, "name": "Dhank", "topType": "low", "product": "foods", "comment": "towns: Palm wood, dates (Cornu 7)", } , 	foods, materials
Peninsula of the Arabs	Al-Yaman/Tihama	Ghalafiqa	towns	43.01908	14.49886	Cornu 7	Palm wood, coconuts			low	foods	 { "lat": 14.49886, "lon": 43.01908, "name": "Ghalafiqa", "topType": "low", "product": "foods", "comment": "towns: Palm wood, coconuts (Cornu 7)", } , 	foods, materials
Peninsula of the Arabs	Al-Yaman/Tihama	Haly	towns	41.41935	18.63822	Cornu 7	Drinking cups			low	other	 { "lat": 18.63822, "lon": 41.41935, "name": "Haly", "topType": "low", "product": "other", "comment": "towns: Drinking cups (Cornu 7)", } , 	other
Peninsula of the Arabs	al-Hijaz	Judda	towns	39.21773	21.45906	Cornu 7	Grains			low	foods	 { "lat": 21.45906, "lon": 39.21773, "name": "Judda", "topType": "low", "product": "foods", "comment": "towns: Grains (Cornu 7)", } , 	foods
Peninsula of the Arabs	Al-Yaman/Tihama	Jurash	towns	42.7394	18.64767	Cornu 7	Palm wood, dates, leather			medium	foods	 { "lat": 18.64767, "lon": 42.7394, "name": "Jurash", "topType": "medium", "product": "foods", "comment": "towns: Palm wood, dates, leather (Cornu 7)", } , 	foods, material
Peninsula of the Arabs	al-Hijaz	Khulays	town	39.43357	22.07851	Cornu 7	Dates, vegetables, agricultural foods			medium	foods	 { "lat": 22.07851, "lon": 39.43357, "name": "Khulays", "topType": "medium", "product": "foods", "comment": "town: Dates, vegetables, agricultural foods (Cornu 7)", } , 	foods
Peninsula of the Arabs	al-Hijaz	Makka	metropoles	39.85793	21.36834	Cornu 7	Black stone, white stone, brick, teak wood, marble, porridge, wine, iron			high	foods	 { "lat": 21.36834, "lon": 39.85793, "name": "Makka", "topType": "high", "product": "foods", "comment": "metropoles: Black stone, white stone, brick, teak wood, marble, porridge, wine, iron (Cornu 7)", } , 	foods, materials
Peninsula of the Arabs	al-Hijaz	Mina	towns	39.95051	21.32993	Cornu 7	Stone, teak wood			low	materials	 { "lat": 21.32993, "lon": 39.95051, "name": "Mina", "topType": "low", "product": "materials", "comment": "towns: Stone, teak wood (Cornu 7)", } , 	materials
Peninsula of the Arabs	Al-Yaman/Tihama	Mukha/Muha	towns	43.22241	13.31523	Cornu 7	Sesame oil			low	foods	 { "lat": 13.31523, "lon": 43.22241, "name": "Mukha/Muha", "topType": "low", "product": "foods", "comment": "towns: Sesame oil (Cornu 7)", } , 	foods
Peninsula of the Arabs	Al-Yaman/Tihama	Najran	towns	44.32661	17.59743	Cornu 7	Leather			low	other	 { "lat": 17.59743, "lon": 44.32661, "name": "Najran", "topType": "low", "product": "other", "comment": "towns: Leather (Cornu 7)", } , 	other
Peninsula of the Arabs	al-Hijaz	Quba	villages	39.61774	24.35217	Cornu 7	Stone			low	materials	 { "lat": 24.35217, "lon": 39.61774, "name": "Quba", "topType": "low", "product": "materials", "comment": "villages: Stone (Cornu 7)", } , 	materials
Peninsula of the Arabs	al-Hijaz	Qurh	towns	38.01189	26.47477	Cornu 7	Palm wood, dates, bread, iron, dried peaches			high	foods	 { "lat": 26.47477, "lon": 38.01189, "name": "Qurh", "topType": "high", "product": "foods", "comment": "towns: Palm wood, dates, bread, iron, dried peaches (Cornu 7)", } , 	foods, materials
Peninsula of the Arabs	Al-Yaman/Tihama	Sa'da	towns	43.7019	17.04643	Cornu 7	Leather water bottles, leather mats, skins			medium	other	 { "lat": 17.04643, "lon": 43.7019, "name": "Sa'da", "topType": "medium", "product": "other", "comment": "towns: Leather water bottles, leather mats, skins (Cornu 7)", } , 	other
Peninsula of the Arabs	Al-Yaman/Tihama	Sanaa 	capitals	44.16341	15.45133	Cornu 7	Fruits, bread, scarves, carnelians, pelts, pharmceuticals, perfume, saffron, brazilwood, teak wood, ivory, pearls, silk brocade, onyx, sapphire, evony, cocnuts, camphor, sandarax resin, aloe, iron, lead, bamboo, sandalwood, glass, pepper, cloth			high	foods	 { "lat": 15.45133, "lon": 44.16341, "name": "Sanaa ", "topType": "high", "product": "foods", "comment": "capitals: Fruits, bread, scarves, carnelians, pelts, pharmceuticals, perfume, saffron, brazilwood, teak wood, ivory, pearls, silk brocade, onyx, sapphire, evony, cocnuts, camphor, sandarax resin, aloe, iron, lead, bamboo, sandalwood, glass, pepper, cloth (Cornu 7)", } , 	foods, materials, textiles, other
Peninsula of the Arabs	Al-Yaman/Tihama	Sirrayn	towns	40.79334	19.83216	Cornu 7	Grains, dates, honey			medium	foods	 { "lat": 19.83216, "lon": 40.79334, "name": "Sirrayn", "topType": "medium", "product": "foods", "comment": "towns: Grains, dates, honey (Cornu 7)", } , 	foods
Peninsula of the Arabs	Uman	Suhar	capitals	56.71892	24.30248	Cornu 7	Fruits, brick, teak wood, dates, palm wood, textiles			high	foods	 { "lat": 24.30248, "lon": 56.71892, "name": "Suhar", "topType": "high", "product": "foods", "comment": "capitals: Fruits, brick, teak wood, dates, palm wood, textiles (Cornu 7)", } , 	foods, materials, textiles
Peninsula of the Arabs	al-Hijaz	Yanbu'	towns	38.23124	24.0479	Cornu 7	Dates, palm wood, whetstones, henna			medium	foods	 { "lat": 24.0479, "lon": 38.23124, "name": "Yanbu'", "topType": "medium", "product": "foods", "comment": "towns: Dates, palm wood, whetstones, henna (Cornu 7)", } , 	foods, materials, other
Peninsula of the Arabs	Al-Yaman/Tihama	Zabid	metropoles	43.23337	14.21069	Cornu 7	Clay, agricultural foods, brick, fruits, millet, sorghum, scarves, carnelians, pelts, pharmceuticals, perfume, saffron, brazilwood, teak wood, ivory, pearls, silk brocade, onyx, sapphire, evony, cocnuts, camphor, sandarax resin, aloe, iron, lead, bamboo, sandalwood, glass, pepper, leather, indigo			high	foods	 { "lat": 14.21069, "lon": 43.23337, "name": "Zabid", "topType": "high", "product": "foods", "comment": "metropoles: Clay, agricultural foods, brick, fruits, millet, sorghum, scarves, carnelians, pelts, pharmceuticals, perfume, saffron, brazilwood, teak wood, ivory, pearls, silk brocade, onyx, sapphire, evony, cocnuts, camphor, sandarax resin, aloe, iron, lead, bamboo, sandalwood, glass, pepper, leather, indigo (Cornu 7)", } , 	foods, materials, other, textiles
al-Mashriq		al-Jurjaniyya	capitals	59.22638	42.44515	Cornu 17	Cattle			low	foods	 { "lat": 42.44515, "lon": 59.22638, "name": "al-Jurjaniyya", "topType": "low", "product": "foods", "comment": "capitals: Cattle (Cornu 17)", } , 	foods
al-Mashriq		al-Saghaniyan	capitals	67.88588	38.2555	Cornu 17	Brick, hunted birds, bread, meat			medium	foods	 { "lat": 38.2555, "lon": 67.88588, "name": "al-Saghaniyan", "topType": "medium", "product": "foods", "comment": "capitals: Brick, hunted birds, bread, meat (Cornu 17)", } , 	foods, materials
al-Mashriq		Amul	towns	63.51229	39.04896	Cornu 17	Grapes, grain, clothes, garlic, rice			high	foods	 { "lat": 39.04896, "lon": 63.51229, "name": "Amul", "topType": "high", "product": "foods", "comment": "towns: Grapes, grain, clothes, garlic, rice (Cornu 17)", } , 	foods, textiles
al-Mashriq		Bust	capitals	64.369167	31.583056	Cornu 17	Dates, grapes, lotus, basil			medium	foods	 { "lat": 31.583056, "lon": 64.369167, "name": "Bust", "topType": "medium", "product": "foods", "comment": "capitals: Dates, grapes, lotus, basil (Cornu 17)", } , 	foods
al-Mashriq		Darghan	towns	62.18165	40.44866	Cornu 17	Raisins			low	foods	 { "lat": 40.44866, "lon": 62.18165, "name": "Darghan", "topType": "low", "product": "foods", "comment": "towns: Raisins (Cornu 17)", } , 	foods
al-Mashriq		Darzanji	towns	67.44233	37.6087	Cornu 17	Clothing			low	textiles	 { "lat": 37.6087, "lon": 67.44233, "name": "Darzanji", "topType": "low", "product": "textiles", "comment": "towns: Clothing (Cornu 17)", } , 	textiles
al-Mashriq		Dihistan	towns	62.94496	34.69844	Cornu 17	Clay			low	materials	 { "lat": 34.69844, "lon": 62.94496, "name": "Dihistan", "topType": "low", "product": "materials", "comment": "towns: Clay (Cornu 17)", } , 	materials
al-Mashriq		Firabr	towns	63.6206	39.15302	Cornu 17	Grapes			low	foods	 { "lat": 39.15302, "lon": 63.6206, "name": "Firabr", "topType": "low", "product": "foods", "comment": "towns: Grapes (Cornu 17)", } , 	foods
al-Mashriq		Ghaznin	capitals	68.40163	33.53708	Cornu 17	Fruits, wood			low	foods	 { "lat": 33.53708, "lon": 68.40163, "name": "Ghaznin", "topType": "low", "product": "foods", "comment": "capitals: Fruits, wood (Cornu 17)", } , 	foods, materials
al-Mashriq		Harat	capitals	62.14555	34.32446	Cornu 17	Grapes, fruits, cloth, confections, stone			high	foods	 { "lat": 34.32446, "lon": 62.14555, "name": "Harat", "topType": "high", "product": "foods", "comment": "capitals: Grapes, fruits, cloth, confections, stone (Cornu 17)", } , 	foods, materials, textiles
al-Mashriq		Hulbuk	capitals	69.781944	37.909167	Cornu 17	Horses, fruits, agricultural products			medium	foods	 { "lat": 37.909167, "lon": 69.781944, "name": "Hulbuk", "topType": "medium", "product": "foods", "comment": "capitals: Horses, fruits, agricultural products (Cornu 17)", } , 	foods, other
al-Mashriq		Kabul	towns	69.16494	34.52441	Cornu 17	Myrobalan			low	foods	 { "lat": 34.52441, "lon": 69.16494, "name": "Kabul", "topType": "low", "product": "foods", "comment": "towns: Myrobalan (Cornu 17)", } , 	foods
al-Mashriq		Kif	towns	62.42921	35.20993	Cornu 17	Grapes, clay			low	foods	 { "lat": 35.20993, "lon": 62.42921, "name": "Kif", "topType": "low", "product": "foods", "comment": "towns: Grapes, clay (Cornu 17)", } , 	foods, materials
al-Mashriq		Marw	metropoles	62.12234	37.67201	Cornu 17	Silk, cotton, cattle, cheese, sesame, copper, melons, bread, dates			high	foods	 { "lat": 37.67201, "lon": 62.12234, "name": "Marw", "topType": "high", "product": "foods", "comment": "metropoles: Silk, cotton, cattle, cheese, sesame, copper, melons, bread, dates (Cornu 17)", } , 	foods, materials, textiles
al-Mashriq		Nasaf	towns	65.7945	38.84841	Cornu 17	Grapes			low	foods	 { "lat": 38.84841, "lon": 65.7945, "name": "Nasaf", "topType": "low", "product": "foods", "comment": "towns: Grapes (Cornu 17)", } , 	foods
al-Mashriq		Naysabur	capitals	58.80347	36.10252	Cornu 17	Stone, agricultural products, Turquoise, white cloth, iron, silk brocade, embroidery, clay, truffles, needles, knives, currants			high	foods	 { "lat": 36.10252, "lon": 58.80347, "name": "Naysabur", "topType": "high", "product": "foods", "comment": "capitals: Stone, agricultural products, Turquoise, white cloth, iron, silk brocade, embroidery, clay, truffles, needles, knives, currants (Cornu 17)", } , 	foods, materials, other, textiles
al-Mashriq		Samarqand	metropoles	67.02199	39.67698	Cornu 17	Silver cloth, copper pans, bottles, casks, stirrups, bits, girths, silk brocade, hazelnuts, walnuts, paper			high	foods	 { "lat": 39.67698, "lon": 67.02199, "name": "Samarqand", "topType": "high", "product": "foods", "comment": "metropoles: Silver cloth, copper pans, bottles, casks, stirrups, bits, girths, silk brocade, hazelnuts, walnuts, paper (Cornu 17)", } , 	foods, other, textiles
al-Mashriq		Siminjan	towns	68.08702	36.21079	Cornu 17	Fruits, cattle, hunting			medium	foods	 { "lat": 36.21079, "lon": 68.08702, "name": "Siminjan", "topType": "medium", "product": "foods", "comment": "towns: Fruits, cattle, hunting (Cornu 17)", } , 	foods
al-Mashriq		Sinj	towns	61.67621	37.46147	Cornu 17	Stone			low	materials	 { "lat": 37.46147, "lon": 61.67621, "name": "Sinj", "topType": "low", "product": "materials", "comment": "towns: Stone (Cornu 17)", } , 	materials
al-Mashriq		Tirmidh	towns	67.31855	37.2606	Cornu 17	Brick			low	materials	 { "lat": 37.2606, "lon": 67.31855, "name": "Tirmidh", "topType": "low", "product": "materials", "comment": "towns: Brick (Cornu 17)", } , 	materials
al-Mashriq		Zaranj	capitals	61.61613	30.7594	Cornu 17	Fruits, daql date			low	foods	 { "lat": 30.7594, "lon": 61.61613, "name": "Zaranj", "topType": "low", "product": "foods", "comment": "capitals: Fruits, daql date (Cornu 17)", } , 	foods
Al-Daylam		Abaskun	towns	54.04327	37.02772	Cornu 18	Brick			low	materials	 { "lat": 37.02772, "lon": 54.04327, "name": "Abaskun", "topType": "low", "product": "materials", "comment": "towns: Brick (Cornu 18)", } , 	materials
Al-Daylam		Al-Ribat	villages	53.44663	29.12318	Cornu 18	Wood, foods			low	foods	 { "lat": 29.12318, "lon": 53.44663, "name": "Al-Ribat", "topType": "low", "product": "foods", "comment": "villages: Wood, foods (Cornu 18)", } , 	foods, materials
Al-Daylam		Astarabadh	towns	54.47005	36.7886	Cornu 18	Silk			low	textiles	 { "lat": 36.7886, "lon": 54.47005, "name": "Astarabadh", "topType": "low", "product": "textiles", "comment": "towns: Silk (Cornu 18)", } , 	textiles
Al-Daylam		Biyar	towns	55.88938	36.03626	Cornu 18	Grapes, fruit, camels, sheep, cake, clay, cloth, oil			high	foods	 { "lat": 36.03626, "lon": 55.88938, "name": "Biyar", "topType": "high", "product": "foods", "comment": "towns: Grapes, fruit, camels, sheep, cake, clay, cloth, oil (Cornu 18)", } , 	foods, materials, other, textiles
Al-Daylam		Kuhan Rudh	towns	49.00372	37.79153	Cornu 18	Stone, wood			low	materials	 { "lat": 37.79153, "lon": 49.00372, "name": "Kuhan Rudh", "topType": "low", "product": "materials", "comment": "towns: Stone, wood (Cornu 18)", } , 	materials
Al-Daylam		Samandar	towns	47.33054	42.6693	Cornu 18	Grapes, wood, reeds, fish			medium	foods	 { "lat": 42.6693, "lon": 47.33054, "name": "Samandar", "topType": "medium", "product": "foods", "comment": "towns: Grapes, wood, reeds, fish (Cornu 18)", } , 	foods, materials, other
Al-Daylam		Shahrastan	Metropoles	55.206	37.19091	Cornu 18	Fruits, olives, pomegranates, figs, watermelons, confections, eggplants, orange, fish			high	foods	 { "lat": 37.19091, "lon": 55.206, "name": "Shahrastan", "topType": "high", "product": "foods", "comment": "Metropoles: Fruits, olives, pomegranates, figs, watermelons, confections, eggplants, orange, fish (Cornu 18)", } , 	foods
Al-Rihab		Akhlat	towns	42.47598	38.92386	Cornu 18	Adobe			low	materials	 { "lat": 38.92386, "lon": 42.47598, "name": "Akhlat", "topType": "low", "product": "materials", "comment": "towns: Adobe (Cornu 18)", } , 	materials
Al-Rihab		Al-Shamakhiya	towns	48.68505	40.67871	Cornu 18	Stone, plaster, fruits			medium	foods	 { "lat": 40.67871, "lon": 48.68505, "name": "Al-Shamakhiya", "topType": "medium", "product": "foods", "comment": "towns: Stone, plaster, fruits (Cornu 18)", } , 	foods, materials
Al-Rihab		Ardabil	metropoles	48.30651	38.23604	Cornu 18	Clay, fruits			low	foods	 { "lat": 38.23604, "lon": 48.30651, "name": "Ardabil", "topType": "low", "product": "foods", "comment": "metropoles: Clay, fruits (Cornu 18)", } , 	foods, materials
Al-Rihab		Bab al-Abwab	towns	48.31477	42.18157	Cornu 18	Stone, fish, cotton cloth, saffron, mules			high	foods	 { "lat": 42.18157, "lon": 48.31477, "name": "Bab al-Abwab", "topType": "high", "product": "foods", "comment": "towns: Stone, fish, cotton cloth, saffron, mules (Cornu 18)", } , 	foods, materials, other, textiles
Al-Rihab		Bardhaa	capitals	47.23624	40.45334	Cornu 18	Brick, plaster, fruits, wood, gypsum, silk, curtains, mules, dyes, figs, sheep, acorns			high	foods	 { "lat": 40.45334, "lon": 47.23624, "name": "Bardhaa", "topType": "high", "product": "foods", "comment": "capitals: Brick, plaster, fruits, wood, gypsum, silk, curtains, mules, dyes, figs, sheep, acorns (Cornu 18)", } , 	foods, materials, other, textiles
Al-Rihab		Baylaqan	towns	47.46081	39.86701	Cornu 18	Sweetmeats			low	foods	 { "lat": 39.86701, "lon": 47.46081, "name": "Baylaqan", "topType": "low", "product": "foods", "comment": "towns: Sweetmeats (Cornu 18)", } , 	foods
Al-Rihab		Dabil	towns	44.68562	40.16468	Cornu 18	Wool cloth, clay, stone, cushions			medium	materials	 { "lat": 40.16468, "lon": 44.68562, "name": "Dabil", "topType": "medium", "product": "materials", "comment": "towns: Wool cloth, clay, stone, cushions (Cornu 18)", } , 	materials, textiles
Al-Rihab		Maragha	towns	46.24758	37.34276	Cornu 18	Clay			low	materials	 { "lat": 37.34276, "lon": 46.24758, "name": "Maragha", "topType": "low", "product": "materials", "comment": "towns: Clay (Cornu 18)", } , 	materials
Al-Rihab		Salamas	towns	44.82832	38.22277	Cornu 18	Stone, adobe			low	materials	 { "lat": 38.22277, "lon": 44.82832, "name": "Salamas", "topType": "low", "product": "materials", "comment": "towns: Stone, adobe (Cornu 18)", } , 	materials
Al-Rihab		Shirwan	towns	48.75339	41.11585	Cornu 18	Stone			low	materials	 { "lat": 41.11585, "lon": 48.75339, "name": "Shirwan", "topType": "low", "product": "materials", "comment": "towns: Stone (Cornu 18)", } , 	materials
Al-Rihab		Tabriz	towns	46.33121	38.06387	Cornu 18	Fruits			low	foods	 { "lat": 38.06387, "lon": 46.33121, "name": "Tabriz", "topType": "low", "product": "foods", "comment": "towns: Fruits (Cornu 18)", } , 	foods
Al-Rihab		Tiflis	towns	44.83734	42.0841	Cornu 18	Stone, wood			low	materials	 { "lat": 42.0841, "lon": 44.83734, "name": "Tiflis", "topType": "low", "product": "materials", "comment": "towns: Stone, wood (Cornu 18)", } , 	materials
Al-Jibal		Al-Rayy	towns	51.52048	35.60216	Cornu 18	Fruits, grains, barley beer, cloth, melons, cows, plums			high	foods	 { "lat": 35.60216, "lon": 51.52048, "name": "Al-Rayy", "topType": "high", "product": "foods", "comment": "towns: Fruits, grains, barley beer, cloth, melons, cows, plums (Cornu 18)", } , 	foods, textiles
Al-Jibal		Al-Rudha	towns	56.02186	30.39947	Cornu 18	Almonds			low	foods	 { "lat": 30.39947, "lon": 56.02186, "name": "Al-Rudha", "topType": "low", "product": "foods", "comment": "towns: Almonds (Cornu 18)", } , 	foods
Al-Jibal		Al-Yahudiyya	capitals	64.83649	35.92522	Cornu 18	Fruits, cloth, cattle, clay			medium	foods	 { "lat": 35.92522, "lon": 64.83649, "name": "Al-Yahudiyya", "topType": "medium", "product": "foods", "comment": "capitals: Fruits, cloth, cattle, clay (Cornu 18)", } , 	foods, materials, textiles
Al-Jibal		Hamadhan	metropoles	48.63117	34.78374	Cornu 18	Bread, confectionary, meats, clay, cloth, saffron, tin, fox skins, sable skins, boots, cheeses			medium	foods	 { "lat": 34.78374, "lon": 48.63117, "name": "Hamadhan", "topType": "medium", "product": "foods", "comment": "metropoles: Bread, confectionary, meats, clay, cloth, saffron, tin, fox skins, sable skins, boots, cheeses (Cornu 18)", } , 	foods, other, textiles
Al-Jibal		Qashan	towns	51.57108	33.96725	Cornu 18	Long-necked bottles, tarragon, plums			medium	foods	 { "lat": 33.96725, "lon": 51.57108, "name": "Qashan", "topType": "medium", "product": "foods", "comment": "towns: Long-necked bottles, tarragon, plums (Cornu 18)", } , 	foods, other
Al-Jibal		Qazwin	towns	50.00135	36.26165	Cornu 18	Grapes, garments, leather sacks, arrows, mint			high	foods	 { "lat": 36.26165, "lon": 50.00135, "name": "Qazwin", "topType": "high", "product": "foods", "comment": "towns: Grapes, garments, leather sacks, arrows, mint (Cornu 18)", } , 	foods, other, textiles
Al-Jibal		Sumayram	towns	51.81266	31.35567	Cornu 18	Walnuts, fruits			low	foods	 { "lat": 31.35567, "lon": 51.81266, "name": "Sumayram", "topType": "low", "product": "foods", "comment": "towns: Walnuts, fruits (Cornu 18)", } , 	foods
Misr	Al-Rif	al-'Abbasiyya (al-'Abbasa)	capitals	31.70607	30.53687	Cornu 10/11	Brick, leather, skins, leggings, cloth, camelshair, goat wool, reed pens, vitriol, marble, vinegar, canvas, linen, shoes, geese, plantains, wax, sugar candy, dyes, apparel, spun yarn, waterskins, harisa (meat dish), nayda (pastry), chick peas, lupine, clover, arum, mats, asses, cattle, girdles, cheese, confection, fish, Colocasia (radish), banana, sycamore fig, lupine fruit, lotus fruit, marzipan, balsam oil			high	foods	 { "lat": 30.53687, "lon": 31.70607, "name": "al-'Abbasiyya (al-'Abbasa)", "topType": "high", "product": "foods", "comment": "capitals: Brick, leather, skins, leggings, cloth, camelshair, goat wool, reed pens, vitriol, marble, vinegar, canvas, linen, shoes, geese, plantains, wax, sugar candy, dyes, apparel, spun yarn, waterskins, harisa (meat dish), nayda (pastry), chick peas, lupine, clover, arum, mats, asses, cattle, girdles, cheese, confection, fish, Colocasia (radish), banana, sycamore fig, lupine fruit, lotus fruit, marzipan, balsam oil (Cornu 10/11)", } , 	foods, materials, other, textiles
	Al-Sa'id	Al-'Allaqi	towns	32.89773	23.02957	Cornu 10/11	Wood, fruits, sheep, livestock, rice, wool, dates, vinegar, raisins, wine			high	foods	 { "lat": 23.02957, "lon": 32.89773, "name": "Al-'Allaqi", "topType": "high", "product": "foods", "comment": "towns: Wood, fruits, sheep, livestock, rice, wool, dates, vinegar, raisins, wine (Cornu 10/11)", } , 	foods, materials, textiles
Misr	Al-Jifar	al-'Arish	towns	33.805	31.13051	Cornu 10/11	Dates, gold			low	foods	 { "lat": 31.13051, "lon": 33.805, "name": "al-'Arish", "topType": "low", "product": "foods", "comment": "towns: Dates, gold (Cornu 10/11)", } , 	foods, other
Misr	Al-Jifar	al-Farama	capitals	32.60098	31.02207	Cornu 10/11	Quail, fish, agricultural foods, dates, baskets, ropes, cloth, wraps, canvas, maps, grains, grass peas, rapeseed oil, jasmine			high	foods	 { "lat": 31.02207, "lon": 32.60098, "name": "al-Farama", "topType": "high", "product": "foods", "comment": "capitals: Quail, fish, agricultural foods, dates, baskets, ropes, cloth, wraps, canvas, maps, grains, grass peas, rapeseed oil, jasmine (Cornu 10/11)", } , 	foods, other, textiles
Misr	Al-Sa'id	al-Fayyum	towns	30.84084	29.35732	Cornu 10/11	Rice, cotton, linen, wool, dates, vinegar, raisins			high	foods	 { "lat": 29.35732, "lon": 30.84084, "name": "al-Fayyum", "topType": "high", "product": "foods", "comment": "towns: Rice, cotton, linen, wool, dates, vinegar, raisins (Cornu 10/11)", } , 	foods, textiles
Misr	Maqaduniya	al-Fustat	metropoles	31.24793	30.04236	Cornu 10/11	Leather, skins, leggings, cloth, camelshair, goat wool, reed pens, vitriol, marble, vinegar, canvas, linen, shoes, geese, plantains, wax, sugar candy, dyes, apparel, spun yarn, waterskins, harisa (meat dish), nayda (pastry), chick peas, lupine, clover, arum, mats, asses, cattle, girdles, cheese, confection, fish, Colocasia (radish), bananas, sycamore fig, lupine fruit, lotus fruit, marzipan, balsam oil, vegetables, firewood, 			high	foods	 { "lat": 30.04236, "lon": 31.24793, "name": "al-Fustat", "topType": "high", "product": "foods", "comment": "metropoles: Leather, skins, leggings, cloth, camelshair, goat wool, reed pens, vitriol, marble, vinegar, canvas, linen, shoes, geese, plantains, wax, sugar candy, dyes, apparel, spun yarn, waterskins, harisa (meat dish), nayda (pastry), chick peas, lupine, clover, arum, mats, asses, cattle, girdles, cheese, confection, fish, Colocasia (radish), bananas, sycamore fig, lupine fruit, lotus fruit, marzipan, balsam oil, vegetables, firewood,  (Cornu 10/11)", } , 	foods, materials, other, textiles
Misr	Al-Iskandariyya	al-Iskandariyya	capitals	29.89004	31.21021	Cornu 10/11	Leather, skins, leggings, cloth, camelshair, goat wool, reed pens, vitriol, marble, vinegar, canvas, linen, shoes, geese, plantains, wax, sugar candy, dyes, apparel, spun yarn, waterskins, harisa (meat dish), nayda (pastry), chick peas, lupine, clover, arum, mats, asses, cattle, girdles, cheese, confection, fish, Colocasia (radish), bananas, sycamore fig, lupine fruit, lotus fruit, marzipan, balsam oil, grapes, marble, stone, locust, olives, almonds			high	foods	 { "lat": 31.21021, "lon": 29.89004, "name": "al-Iskandariyya", "topType": "high", "product": "foods", "comment": "capitals: Leather, skins, leggings, cloth, camelshair, goat wool, reed pens, vitriol, marble, vinegar, canvas, linen, shoes, geese, plantains, wax, sugar candy, dyes, apparel, spun yarn, waterskins, harisa (meat dish), nayda (pastry), chick peas, lupine, clover, arum, mats, asses, cattle, girdles, cheese, confection, fish, Colocasia (radish), bananas, sycamore fig, lupine fruit, lotus fruit, marzipan, balsam oil, grapes, marble, stone, locust, olives, almonds (Cornu 10/11)", } , 	foods, materials, textiles, other
Misr	Maqaduniya	al-Jiza	towns	31.20101	30.00712	Cornu 10/11	Iron			low	materials	 { "lat": 30.00712, "lon": 31.20101, "name": "al-Jiza", "topType": "low", "product": "materials", "comment": "towns: Iron (Cornu 10/11)", } , 	materials
Misr	Al-Rif	al-Mahallat al-Kabira	towns	31.14305	30.97564	Cornu 10/11	Oil, wood			low	materials	 { "lat": 30.97564, "lon": 31.14305, "name": "al-Mahallat al-Kabira", "topType": "low", "product": "materials", "comment": "towns: Oil, wood (Cornu 10/11)", } , 	materials, other
Misr	Al-Hawf	al-Qulzum	towns	32.55613	30.02922	Cornu 10/11	Billy goats			low	foods	 { "lat": 30.02922, "lon": 32.55613, "name": "al-Qulzum", "topType": "low", "product": "foods", "comment": "towns: Billy goats (Cornu 10/11)", } , 	foods
Misr	Al-Jifar	al-Warrada	towns	34.083333	25.866667	Cornu 10/11	Dates			low	foods	 { "lat": 25.866667, "lon": 34.083333, "name": "al-Warrada", "topType": "low", "product": "foods", "comment": "towns: Dates (Cornu 10/11)", } , 	foods
Misr	Maqaduniya	Ayn Shams	towns	31.30864	30.13132	Cornu 10/11	Agricultural foods			low	foods	 { "lat": 30.13132, "lon": 31.30864, "name": "Ayn Shams", "topType": "low", "product": "foods", "comment": "towns: Agricultural foods (Cornu 10/11)", } , 	foods
Misr	Al-Sa'id	Bahnasa	towns	30.66489	28.60254	Cornu 10/11	Curtains, coverlets			low	textiles	 { "lat": 28.60254, "lon": 30.66489, "name": "Bahnasa", "topType": "low", "product": "textiles", "comment": "towns: Curtains, coverlets (Cornu 10/11)", } , 	textiles
Misr	Al-Hawf	Bilbays	capitals	31.56946	30.42151	Cornu 10/11	Mud, agricultural foods, leather, skins, leggings, cloth, camelshair, goat wool, reed pens, vitriol, marble, vinegar, canvas, linen, shoes, geese, plantains, wax, sugar candy, dyes, apparel, spun yarn, waterskins, harisa (meat dish), nayda (pastry), chick peas, lupine, clover, arum, mats, asses, cattle, girdles, cheese, confection, fish, Colocasia (radish), bananas, sycamore fig, lupine fruit, lotus fruit, marzipan, balsam oil			high	foods	 { "lat": 30.42151, "lon": 31.56946, "name": "Bilbays", "topType": "high", "product": "foods", "comment": "capitals: Mud, agricultural foods, leather, skins, leggings, cloth, camelshair, goat wool, reed pens, vitriol, marble, vinegar, canvas, linen, shoes, geese, plantains, wax, sugar candy, dyes, apparel, spun yarn, waterskins, harisa (meat dish), nayda (pastry), chick peas, lupine, clover, arum, mats, asses, cattle, girdles, cheese, confection, fish, Colocasia (radish), bananas, sycamore fig, lupine fruit, lotus fruit, marzipan, balsam oil (Cornu 10/11)", } , 	foods, materials, textiles, other
Misr	Al-Sa'id	Busir	towns	31.10717	29.27671	Cornu 10/11	Flax, cotton, shrimp			medium	foods	 { "lat": 29.27671, "lon": 31.10717, "name": "Busir", "topType": "medium", "product": "foods", "comment": "towns: Flax, cotton, shrimp (Cornu 10/11)", } , 	foods, textiles
Misr	Al-Rif	Damira	towns	31.35004	31.14114	Cornu 10/11	Melons			low	foods	 { "lat": 31.14114, "lon": 31.35004, "name": "Damira", "topType": "low", "product": "foods", "comment": "towns: Melons (Cornu 10/11)", } , 	foods
Misr	Al-Hawf	Dimyat (Damietta)	towns	31.79163	31.43948	Cornu 10/11	Fruits, wood, cloths, stone			medium	foods	 { "lat": 31.43948, "lon": 31.79163, "name": "Dimyat (Damietta)", "topType": "medium", "product": "foods", "comment": "towns: Fruits, wood, cloths, stone (Cornu 10/11)", } , 	foods, materials, textiles
Misr	Al-Sa'id	Hulwan	towns	31.29899	29.86002	Cornu 10/11	Stone			low	materials	 { "lat": 29.86002, "lon": 31.29899, "name": "Hulwan", "topType": "low", "product": "materials", "comment": "towns: Stone (Cornu 10/11)", } , 	materials
Misr	Al-Hawf	Mashtul	towns	31.3735	30.36675	Cornu 10/11	Flour, biscuits, grains			medium	foods	 { "lat": 30.36675, "lon": 31.3735, "name": "Mashtul", "topType": "medium", "product": "foods", "comment": "towns: Flour, biscuits, grains (Cornu 10/11)", } , 	foods
Misr	Al-Hawf	Shata	villages	31.87098	31.40769	Cornu 10/11	Cloth			low	textiles	 { "lat": 31.40769, "lon": 31.87098, "name": "Shata", "topType": "low", "product": "textiles", "comment": "villages: Cloth (Cornu 10/11)", } , 	textiles
Misr	Al-Sa'id	Taha	villages	30.69111	28.2737	Cornu 10/11	Cloth, wool			low	textiles	 { "lat": 28.2737, "lon": 30.69111, "name": "Taha", "topType": "low", "product": "textiles", "comment": "villages: Cloth, wool (Cornu 10/11)", } , 	textiles
Misr	Al-Hawf	Tinnis	towns	32.22632	31.21434	Cornu 10/11	Colored cloth, garments			low	textiles	 { "lat": 31.21434, "lon": 32.22632, "name": "Tinnis", "topType": "low", "product": "textiles", "comment": "towns: Colored cloth, garments (Cornu 10/11)", } , 	textiles
Misr	Al-Sa'id	Uswan	capitals	33.01102	24.11005	Cornu 10/11	Rice, wool, dates, vinegar, raisins, wine, palm wood			high	foods	 { "lat": 24.11005, "lon": 33.01102, "name": "Uswan", "topType": "high", "product": "foods", "comment": "capitals: Rice, wool, dates, vinegar, raisins, wine, palm wood (Cornu 10/11)", } , 	foods, materials
Maghrib		al-Mahdiyya	towns	10.92962	35.57479	Cornu 12	Stone, lime, grains			medium	foods	 { "lat": 35.57479, "lon": 10.92962, "name": "al-Mahdiyya", "topType": "medium", "product": "foods", "comment": "towns: Stone, lime, grains (Cornu 12)", } , 	foods, materials
Maghrib		al-Qayrawan (Kayrouan)	metropoles	10.06583	35.7646	Cornu 12	Olive oil, pistachios, saffron, almonds, plums, satchels, leather mats, waterskins, bread, meats, fruits, figs, raisins, dates, grapes, clay, brick, marble, lead, cloth, dye, spears			high	foods	 { "lat": 35.7646, "lon": 10.06583, "name": "al-Qayrawan (Kayrouan)", "topType": "high", "product": "foods", "comment": "metropoles: Olive oil, pistachios, saffron, almonds, plums, satchels, leather mats, waterskins, bread, meats, fruits, figs, raisins, dates, grapes, clay, brick, marble, lead, cloth, dye, spears (Cornu 12)", } , 	foods, materials, other, textiles
Maghrib		Asfaqus (Sfax)	towns	10.69597	34.83429	Cornu 12	Lime, stone			low	materials	 { "lat": 34.83429, "lon": 10.69597, "name": "Asfaqus (Sfax)", "topType": "low", "product": "materials", "comment": "towns: Lime, stone (Cornu 12)", } , 	materials
Maghrib		Banzard (Bizerta)	towns	9.70474	37.31745	Cornu 12	Stone			low	materials	 { "lat": 37.31745, "lon": 9.70474, "name": "Banzard (Bizerta)", "topType": "low", "product": "materials", "comment": "towns: Stone (Cornu 12)", } , 	materials
Maghrib		Buna (Bone)	towns	7.72936	36.88829	Cornu 12	Iron			low	materials	 { "lat": 36.88829, "lon": 7.72936, "name": "Buna (Bone)", "topType": "low", "product": "materials", "comment": "towns: Iron (Cornu 12)", } , 	materials
Maghrib		Fas	capitals	-5.02917	34.06361	Cornu 12	Dates, olive oil, pistachios, saffron, almonds, plums, satchels, leather mats, waterskins, clay, brick, agricultural foods, figs, olives			high	foods	 { "lat": 34.06361, "lon": -5.02917, "name": "Fas", "topType": "high", "product": "foods", "comment": "capitals: Dates, olive oil, pistachios, saffron, almonds, plums, satchels, leather mats, waterskins, clay, brick, agricultural foods, figs, olives (Cornu 12)", } , 	foods, materials
Maghrib		Manzil Bashu	towns	10.77562	36.83448	Cornu 12	Clay, agricultural foods			low	foods	 { "lat": 36.83448, "lon": 10.77562, "name": "Manzil Bashu", "topType": "low", "product": "foods", "comment": "towns: Clay, agricultural foods (Cornu 12)", } , 	foods, materials
Maghrib		Marsa al-Dajjaj	towns	3.58036	36.74092	Cornu 12	Brick			low	materials	 { "lat": 36.74092, "lon": 3.58036, "name": "Marsa al-Dajjaj", "topType": "low", "product": "materials", "comment": "towns: Brick (Cornu 12)", } , 	materials
Maghrib		Marsa al-Kharaz	towns	8.38782	36.87697	Cornu 12	Coral, wood, ropes			medium	materials	 { "lat": 36.87697, "lon": 8.38782, "name": "Marsa al-Kharaz", "topType": "medium", "product": "materials", "comment": "towns: Coral, wood, ropes (Cornu 12)", } , 	materials, other
Maghrib		Niqawus	towns	5.72567	35.56327	Cornu 12	Walnuts, fruits			low	foods	 { "lat": 35.56327, "lon": 5.72567, "name": "Niqawus", "topType": "low", "product": "foods", "comment": "towns: Walnuts, fruits (Cornu 12)", } , 	foods
Maghrib		Qabis (Gabes)	towns	10.06583	33.86395	Cornu 12	Palm wood, grapes, apples, stone, brick			high	foods	 { "lat": 33.86395, "lon": 10.06583, "name": "Qabis (Gabes)", "topType": "high", "product": "foods", "comment": "towns: Palm wood, grapes, apples, stone, brick (Cornu 12)", } , 	foods, materials
Maghrib		Sijilmasa	capitals	-4.23619	31.28082	Cornu 12	Dates, grapes, raisins, fruits, grains, pomegranates, agricultural foods, gold, silver			high	foods	 { "lat": 31.28082, "lon": -4.23619, "name": "Sijilmasa", "topType": "high", "product": "foods", "comment": "capitals: Dates, grapes, raisins, fruits, grains, pomegranates, agricultural foods, gold, silver (Cornu 12)", } , 	foods, other
Maghrib		Suq Hamza	towns	3.91313	36.36554	Cornu 12	Clay			low	materials	 { "lat": 36.36554, "lon": 3.91313, "name": "Suq Hamza", "topType": "low", "product": "materials", "comment": "towns: Clay (Cornu 12)", } , 	materials
Maghrib		Susa (Sousse)	towns	10.49773	35.88516	Cornu 12	Lime, stone			low	materials	 { "lat": 35.88516, "lon": 10.49773, "name": "Susa (Sousse)", "topType": "low", "product": "materials", "comment": "towns: Lime, stone (Cornu 12)", } , 	materials
Maghrib		Tahart	capitals	1.35718	35.36143	Cornu 12	Stone, lime, olive oil, pistachios, saffron, almonds, plums, satchels, leather mats, waterskins			high	foods	 { "lat": 35.36143, "lon": 1.35718, "name": "Tahart", "topType": "high", "product": "foods", "comment": "capitals: Stone, lime, olive oil, pistachios, saffron, almonds, plums, satchels, leather mats, waterskins (Cornu 12)", } , 	foods, materials, other
Sicily		Balarm (Palmero)	capitals	13.34397	38.11137	Cornu 15	Garments, ammonia, stone, mortar, grains, fruits, agricultural foods, grapes			high	foods	 { "lat": 38.11137, "lon": 13.34397, "name": "Balarm (Palmero)", "topType": "high", "product": "foods", "comment": "capitals: Garments, ammonia, stone, mortar, grains, fruits, agricultural foods, grapes (Cornu 15)", } , 	foods, materials, other, textiles
Sicily		Bartiniq (Portinico)	towns	13.11209	38.03334	Cornu 15	Stone			low	materials	 { "lat": 38.03334, "lon": 13.11209, "name": "Bartiniq (Portinico)", "topType": "low", "product": "materials", "comment": "towns: Stone (Cornu 15)", } , 	materials
Sicily		Lantini	towns	15.02375	37.29211	Cornu 15	Stone			low	materials	 { "lat": 37.29211, "lon": 15.02375, "name": "Lantini", "topType": "low", "product": "materials", "comment": "towns: Stone (Cornu 15)", } , 	materials
Sicily		Tabarmin (Taormina)	towns	15.27687	37.86445	Cornu 15	Stone			low	materials	 { "lat": 37.86445, "lon": 15.27687, "name": "Tabarmin (Taormina)", "topType": "low", "product": "materials", "comment": "towns: Stone (Cornu 15)", } , 	materials
al-Andalus		Arjuna	towns	-4.07157	37.92032	Cornu 14	Grains			low	foods	 { "lat": 37.92032, "lon": -4.07157, "name": "Arjuna", "topType": "low", "product": "foods", "comment": "towns: Grains (Cornu 14)", } , 	foods
al-Andalus		Bayghu (Priego)	towns	-4.22026	37.46371	Cornu 14	Flour, mulberry, olives, figs			medium	foods	 { "lat": 37.46371, "lon": -4.22026, "name": "Bayghu (Priego)", "topType": "medium", "product": "foods", "comment": "towns: Flour, mulberry, olives, figs (Cornu 14)", } , 	foods
al-Andalus		Gharnata (Granada)	towns	-3.60782	37.20757	Cornu 14	Fruits, agricultural foods			low	foods	 { "lat": 37.20757, "lon": -3.60782, "name": "Gharnata (Granada)", "topType": "low", "product": "foods", "comment": "towns: Fruits, agricultural foods (Cornu 14)", } , 	foods
al-Andalus		Hisn Bulkuna	towns	-4.23442	37.87842	Cornu 14	Olives, wood, stone			medium	foods	 { "lat": 37.87842, "lon": -4.23442, "name": "Hisn Bulkuna", "topType": "medium", "product": "foods", "comment": "towns: Olives, wood, stone (Cornu 14)", } , 	foods, materials
al-Andalus		Mantisha (Mentesa)	towns	-3.64322	39.82189	Cornu 14	Olives, figs			low	foods	 { "lat": 39.82189, "lon": -3.64322, "name": "Mantisha (Mentesa)", "topType": "low", "product": "foods", "comment": "towns: Olives, figs (Cornu 14)", } , 	foods
al-Andalus		Martush	towns	-4.00431	37.74697	Cornu 14	Wine			low	foods	 { "lat": 37.74697, "lon": -4.00431, "name": "Martush", "topType": "low", "product": "foods", "comment": "towns: Wine (Cornu 14)", } , 	foods
al-Andalus		Qastalla	towns	-3.89811	37.99289	Cornu 14	Wood, olives, wine			medium	foods	 { "lat": 37.99289, "lon": -3.89811, "name": "Qastalla", "topType": "medium", "product": "foods", "comment": "towns: Wood, olives, wine (Cornu 14)", } , 	foods, materials
al-Andalus		Qurtuba (Cordoba)	capitals	-4.79375	37.9259	Cornu 14	Henna			low	other	 { "lat": 37.9259, "lon": -4.79375, "name": "Qurtuba (Cordoba)", "topType": "low", "product": "other", "comment": "capitals: Henna (Cornu 14)", } , 	other
al-Andalus		Shawdhar	towns	-3.36709	37.87562	Cornu 14	Olives, clay			low	foods	 { "lat": 37.87562, "lon": -3.36709, "name": "Shawdhar", "topType": "low", "product": "foods", "comment": "towns: Olives, clay (Cornu 14)", } , 	foods, materials
Khuzistan		Al-Ahwaz	metropoles	48.69258	31.32964	Cornu 4/6/19	Breads, silks, clothes, grain			medium	foods	 { "lat": 31.32964, "lon": 48.69258, "name": "Al-Ahwaz", "topType": "medium", "product": "foods", "comment": "metropoles: Breads, silks, clothes, grain (Cornu 4/6/19)", } , 	foods, textiles
Khuzistan		Al-Askar	Capitals	48.89816	31.66739	Cornu 4/6/19	Fruits, confections, bread, silk veils, hemp, scarves, durable cloth			medium	foods	 { "lat": 31.66739, "lon": 48.89816, "name": "Al-Askar", "topType": "medium", "product": "foods", "comment": "Capitals: Fruits, confections, bread, silk veils, hemp, scarves, durable cloth (Cornu 4/6/19)", } , 	foods, textiles
Khuzistan		Al-Dawraq	capitals	48.92544	30.81201	Cornu 4/6/19	Agricultural foods, canvas			low	foods	 { "lat": 30.81201, "lon": 48.92544, "name": "Al-Dawraq", "topType": "low", "product": "foods", "comment": "capitals: Agricultural foods, canvas (Cornu 4/6/19)", } , 	foods, textiles
Khuzistan		Al-Lur	Towns	48.3311	32.55248	Cornu 4/6/19	Dates, sugar			low	foods	 { "lat": 32.55248, "lon": 48.3311, "name": "Al-Lur", "topType": "low", "product": "foods", "comment": "Towns: Dates, sugar (Cornu 4/6/19)", } , 	foods
Khuzistan		Al-Sus	Capitals	48.26043	32.20443	Cornu 4/6/19	Breads, confections, sugarcane, cloth, silk			medium	foods	 { "lat": 32.20443, "lon": 48.26043, "name": "Al-Sus", "topType": "medium", "product": "foods", "comment": "Capitals: Breads, confections, sugarcane, cloth, silk (Cornu 4/6/19)", } , 	foods, textiles
Khuzistan		Basinna	Towns	48.30343	31.99675	Cornu 4/6/19	Textiles, curtains			low	textiles	 { "lat": 31.99675, "lon": 48.30343, "name": "Basinna", "topType": "low", "product": "textiles", "comment": "Towns: Textiles, curtains (Cornu 4/6/19)", } , 	textiles
Khuzistan		Bayrut	Towns	47.9038	32.06335	Cornu 4/6/19	Dates			low	foods	 { "lat": 32.06335, "lon": 47.9038, "name": "Bayrut", "topType": "low", "product": "foods", "comment": "Towns: Dates (Cornu 4/6/19)", } , 	foods
Khuzistan		Idhaj	towns	49.87192	31.85642	Cornu 4/6/19	Melons, agricultural foods			low	foods	 { "lat": 31.85642, "lon": 49.87192, "name": "Idhaj", "topType": "low", "product": "foods", "comment": "towns: Melons, agricultural foods (Cornu 4/6/19)", } , 	foods
Khuzistan		Jundaysabur	Towns	48.54101	32.29988	Cornu 4/6/19	Sugar, dates, rice, pickles			low	foods	 { "lat": 32.29988, "lon": 48.54101, "name": "Jundaysabur", "topType": "low", "product": "foods", "comment": "Towns: Sugar, dates, rice, pickles (Cornu 4/6/19)", } , 	foods
Khuzistan		Kuzuk	towns	50.23939	31.47892	Cornu 4/6/19	Grapes, violet, basil			medium	foods	 { "lat": 31.47892, "lon": 50.23939, "name": "Kuzuk", "topType": "medium", "product": "foods", "comment": "towns: Grapes, violet, basil (Cornu 4/6/19)", } , 	foods
Khuzistan		Ramhurmuz	capitals	49.60146	31.28664	Cornu 4/6/19	Agricultural foods, cloth, perfume, mats, dates, fruits			high	foods	 { "lat": 31.28664, "lon": 49.60146, "name": "Ramhurmuz", "topType": "high", "product": "foods", "comment": "capitals: Agricultural foods, cloth, perfume, mats, dates, fruits (Cornu 4/6/19)", } , 	foods, other, textiles
Khuzistan		Tustar	Towns	48.85306	32.05234	Cornu 4/6/19	Fruit, wood, silk, cotton, citron, pomegranate, grapes, pears, melons			high	foods	 { "lat": 32.05234, "lon": 48.85306, "name": "Tustar", "topType": "high", "product": "foods", "comment": "Towns: Fruit, wood, silk, cotton, citron, pomegranate, grapes, pears, melons (Cornu 4/6/19)", } , 	foods, other, textiles
Fars		Al-Nawbandijan	towns	51.5494	30.12783	Cornu 4/6/19	Grapes, dates, orange, pomegranates			medium	foods	 { "lat": 30.12783, "lon": 51.5494, "name": "Al-Nawbandijan", "topType": "medium", "product": "foods", "comment": "towns: Grapes, dates, orange, pomegranates (Cornu 4/6/19)", } , 	foods
Fars		Al-Rudhan	Towns	56.02186	30.39947	Cornu 4/6/19	Shoes, textiles, dairy products			low	foods	 { "lat": 30.39947, "lon": 56.02186, "name": "Al-Rudhan", "topType": "low", "product": "foods", "comment": "Towns: Shoes, textiles, dairy products (Cornu 4/6/19)", } , 	foods, other, textiles
Fars		Arrajan	Capitals	50.29766	30.6103	Cornu 4/6/19	Dates, lemons, grapes, figs, olives, syrups, soaps, gains, stone, cloth, fish, 			high	foods	 { "lat": 30.6103, "lon": 50.29766, "name": "Arrajan", "topType": "high", "product": "foods", "comment": "Capitals: Dates, lemons, grapes, figs, olives, syrups, soaps, gains, stone, cloth, fish,  (Cornu 4/6/19)", } , 	foods, materials, other, textiles
Fars		Darabjird	Towns	54.54591	28.75143	Cornu 4/6/19	Dates, cloth, iron, naptha			medium	foods	 { "lat": 28.75143, "lon": 54.54591, "name": "Darabjird", "topType": "medium", "product": "foods", "comment": "Towns: Dates, cloth, iron, naptha (Cornu 4/6/19)", } , 	foods, materials, other, textiles
Fars		Fasa	Towns	53.63181	28.92193	Cornu 4/6/19	Fruits, cypress wood, brick			medium	foods	 { "lat": 28.92193, "lon": 53.63181, "name": "Fasa", "topType": "medium", "product": "foods", "comment": "Towns: Fruits, cypress wood, brick (Cornu 4/6/19)", } , 	foods, materials
Fars		Furj	Towns	55.16805	28.31921	Cornu 4/6/19	Agricultural foods			low	foods	 { "lat": 28.31921, "lon": 55.16805, "name": "Furj", "topType": "low", "product": "foods", "comment": "Towns: Agricultural foods (Cornu 4/6/19)", } , 	foods
Fars		Hinduwan	Towns	49.70675	30.25118	Cornu 4/6/19	Fish			low	foods	 { "lat": 30.25118, "lon": 49.70675, "name": "Hinduwan", "topType": "low", "product": "foods", "comment": "Towns: Fish (Cornu 4/6/19)", } , 	foods
Fars		Istakhr	Towns	52.92548	29.97008	Cornu 4/6/19	Clay, grains, pomegranates, agricultural foods			medium	foods	 { "lat": 29.97008, "lon": 52.92548, "name": "Istakhr", "topType": "medium", "product": "foods", "comment": "Towns: Clay, grains, pomegranates, agricultural foods (Cornu 4/6/19)", } , 	foods
Fars		Jur	Towns	52.58324	28.84797	Cornu 4/6/19	Roses			low	other	 { "lat": 28.84797, "lon": 52.58324, "name": "Jur", "topType": "low", "product": "other", "comment": "Towns: Roses (Cornu 4/6/19)", } , 	other
Fars		Juwaym Abi Ahmad	Towns	53.94661	28.14336	Cornu 4/6/19	Dates			low	foods	 { "lat": 28.14336, "lon": 53.94661, "name": "Juwaym Abi Ahmad", "topType": "low", "product": "foods", "comment": "Towns: Dates (Cornu 4/6/19)", } , 	foods
Fars		Karkam	Towns	51.78407	30.09883	Cornu 4/6/19	Wood			low	materials	 { "lat": 30.09883, "lon": 51.78407, "name": "Karkam", "topType": "low", "product": "materials", "comment": "Towns: Wood (Cornu 4/6/19)", } , 	materials
Fars		Kazarun	Towns	51.68412	29.60743	Cornu 4/6/19	Linen cloth, dates, fruits			medium	foods	 { "lat": 29.60743, "lon": 51.68412, "name": "Kazarun", "topType": "medium", "product": "foods", "comment": "Towns: Linen cloth, dates, fruits (Cornu 4/6/19)", } , 	foods, textiles
Fars		Khawrawadhan	Towns	53.20589	29.25713	Cornu 4/6/19	Agricultural foods, wood			low	foods	 { "lat": 29.25713, "lon": 53.20589, "name": "Khawrawadhan", "topType": "low", "product": "foods", "comment": "Towns: Agricultural foods, wood (Cornu 4/6/19)", } , 	foods, materials
Fars		Khurrah	Towns	51.9773	29.22327	Cornu 4/6/19	Dates, sweetmeat			low	foods	 { "lat": 29.22327, "lon": 51.9773, "name": "Khurrah", "topType": "low", "product": "foods", "comment": "Towns: Dates, sweetmeat (Cornu 4/6/19)", } , 	foods
Fars		Kul	Towns	52.69768	29.21962	Cornu 4/6/19	Clothes, meat, bread			medium	foods	 { "lat": 29.21962, "lon": 52.69768, "name": "Kul", "topType": "medium", "product": "foods", "comment": "Towns: Clothes, meat, bread (Cornu 4/6/19)", } , 	foods, textiles
Fars		Kurd	Towns	51.9324	30.69092	Cornu 4/6/19	Walnuts, fruits			low	foods	 { "lat": 30.69092, "lon": 51.9324, "name": "Kurd", "topType": "low", "product": "foods", "comment": "Towns: Walnuts, fruits (Cornu 4/6/19)", } , 	foods
Fars		Kurd Fanna Khusraw	Towns	52.66601	29.46769	Cornu 4/6/19	Wool, silk, brocades, fine cloth			medium	textiles	 { "lat": 29.46769, "lon": 52.66601, "name": "Kurd Fanna Khusraw", "topType": "medium", "product": "textiles", "comment": "Towns: Wool, silk, brocades, fine cloth (Cornu 4/6/19)", } , 	textiles,
Fars		Shahrastan	Towns	55.206	37.19091	Cornu 4/6/19	Citrus, essences, sugarcane, olives, grapes, cows, milk, yogurt, cheese, dates, figs, carob, stone, mortar, 			high	foods	 { "lat": 37.19091, "lon": 55.206, "name": "Shahrastan", "topType": "high", "product": "foods", "comment": "Towns: Citrus, essences, sugarcane, olives, grapes, cows, milk, yogurt, cheese, dates, figs, carob, stone, mortar,  (Cornu 4/6/19)", } , 	foods, materials, other
Fars		Siraf	Capitals	52.34306	27.69666	Cornu 4/6/19	Brick, teakwood, dates			medium	foods	 { "lat": 27.69666, "lon": 52.34306, "name": "Siraf", "topType": "medium", "product": "foods", "comment": "Capitals: Brick, teakwood, dates (Cornu 4/6/19)", } , 	foods, materials
Fars		Tarum	Towns	51.16774	29.42277	Cornu 4/6/19	Dates, honey			low	foods	 { "lat": 29.42277, "lon": 51.16774, "name": "Tarum", "topType": "low", "product": "foods", "comment": "Towns: Dates, honey (Cornu 4/6/19)", } , 	foods
Fars		Tawwaz	Towns	51.17294	29.42208	Cornu 4/6/19	Linen cloth			low	textiles	 { "lat": 29.42208, "lon": 51.17294, "name": "Tawwaz", "topType": "low", "product": "textiles", "comment": "Towns: Linen cloth (Cornu 4/6/19)", } , 	textiles
Fars		Zamm Al-Akrad	Towns	51.17032	29.42277	Cornu 4/6/19	Dates, fruits, agricultural products			medium	foods	 { "lat": 29.42277, "lon": 51.17032, "name": "Zamm Al-Akrad", "topType": "medium", "product": "foods", "comment": "Towns: Dates, fruits, agricultural products (Cornu 4/6/19)", } , 	foods
Kirman		Janzarudh	Towns	56.92513	30.67077	Cornu 4/6/19	Fruit			low	foods	 { "lat": 30.67077, "lon": 56.92513, "name": "Janzarudh", "topType": "low", "product": "foods", "comment": "Towns: Fruit (Cornu 4/6/19)", } , 	foods
Kirman		Karistan	Towns	56.6147	29.7101	Cornu 4/6/19	Walnuts			low	foods	 { "lat": 29.7101, "lon": 56.6147, "name": "Karistan", "topType": "low", "product": "foods", "comment": "Towns: Walnuts (Cornu 4/6/19)", } , 	foods
Kirman		Khabis	Towns	57.75292	30.46232	Cornu 4/6/19	Dates, silk, mulberry			medium	foods	 { "lat": 30.46232, "lon": 57.75292, "name": "Khabis", "topType": "medium", "product": "foods", "comment": "Towns: Dates, silk, mulberry (Cornu 4/6/19)", } , 	foods
Kirman		Narmasir	Towns	58.64795	28.98436	Cornu 4/6/19	Camels, dates, luxuries, brick, fruits			high	foods	 { "lat": 28.98436, "lon": 58.64795, "name": "Narmasir", "topType": "high", "product": "foods", "comment": "Towns: Camels, dates, luxuries, brick, fruits (Cornu 4/6/19)", } , 	foods, materials, other
Kirman		Al-Sirjan	Metropoles	55.74854	29.46102	Cornu 4/6/19	Agricultural foods, wood, clay, textiles, chairs			high	foods	 { "lat": 29.46102, "lon": 55.74854, "name": "Al-Sirjan", "topType": "high", "product": "foods", "comment": "Metropoles: Agricultural foods, wood, clay, textiles, chairs (Cornu 4/6/19)", } , 	foods, materials, other, textiles
Kirman		Al-Shamat	Towns	56.01438	29.76249	Cornu 4/6/19	Fruits, grapes			low	foods	 { "lat": 29.76249, "lon": 56.01438, "name": "Al-Shamat", "topType": "low", "product": "foods", "comment": "Towns: Fruits, grapes (Cornu 4/6/19)", } , 	foods
Kirman		Khur	Towns	58.45153	32.93881	Cornu 4/6/19	Fruit			low	foods	 { "lat": 32.93881, "lon": 58.45153, "name": "Khur", "topType": "low", "product": "foods", "comment": "Towns: Fruit (Cornu 4/6/19)", } , 	foods
Kirman		Bamm	Towns	58.34327	29.10304	Cornu 4/6/19	Cloth, clay, grain, turbans, scarves, taylasans			high	foods	 { "lat": 29.10304, "lon": 58.34327, "name": "Bamm", "topType": "high", "product": "foods", "comment": "Towns: Cloth, clay, grain, turbans, scarves, taylasans (Cornu 4/6/19)", } , 	foods, textiles
Kirman		Tushtan	Towns	57.80931	29.4241	Cornu 4/6/19	Wheat			low	foods	 { "lat": 29.4241, "lon": 57.80931, "name": "Tushtan", "topType": "low", "product": "foods", "comment": "Towns: Wheat (Cornu 4/6/19)", } , 	foods
Kirman		Darzhin	Towns	58.17038	29.19678	Cornu 4/6/19	Agricultural foods			low	foods	 { "lat": 29.19678, "lon": 58.17038, "name": "Darzhin", "topType": "low", "product": "foods", "comment": "Towns: Agricultural foods (Cornu 4/6/19)", } , 	foods
Kirman		Awarak	Towns	57.95119	29.33176	Cornu 4/6/19	Clay			low	materials	 { "lat": 29.33176, "lon": 57.95119, "name": "Awarak", "topType": "low", "product": "materials", "comment": "Towns: Clay (Cornu 4/6/19)", } , 	materials
Kirman		Rayin	Towns	57.49474	29.61239	Cornu 4/6/19	Cloth			low	textiles	 { "lat": 29.61239, "lon": 57.49474, "name": "Rayin", "topType": "low", "product": "textiles", "comment": "Towns: Cloth (Cornu 4/6/19)", } , 	textiles
Kirman		Jiruft	Capitals	57.80498	28.69436	Cornu 4/6/19	Fruits, agricultural products, bread, meat, watermelon, clay, stone, dates, walnuts, orange, narcissus, indigo, cumin, sweetmeat, sugar syrup			high	foods	 { "lat": 28.69436, "lon": 57.80498, "name": "Jiruft", "topType": "high", "product": "foods", "comment": "Capitals: Fruits, agricultural products, bread, meat, watermelon, clay, stone, dates, walnuts, orange, narcissus, indigo, cumin, sweetmeat, sugar syrup (Cornu 4/6/19)", } , 	foods, materials, other
Kirman		Hurmuz	Towns	56.94955	27.0994	Cornu 4/6/19	Clay			low	materials	 { "lat": 27.0994, "lon": 56.94955, "name": "Hurmuz", "topType": "low", "product": "materials", "comment": "Towns: Clay (Cornu 4/6/19)", } , 	materials
Kirman		Manuqan	Towns	57.56194	27.45601	Cornu 4/6/19	Dates			low	foods	 { "lat": 27.45601, "lon": 57.56194, "name": "Manuqan", "topType": "low", "product": "foods", "comment": "Towns: Dates (Cornu 4/6/19)", } , 	foods
Kirman		Mughun	Towns	48.50179	39.33548	Cornu 4/6/19	Oranges, indigo			low	foods	 { "lat": 39.33548, "lon": 48.50179, "name": "Mughun", "topType": "low", "product": "foods", "comment": "Towns: Oranges, indigo (Cornu 4/6/19)", } , 	foods, other
Kirman		Rudhkan	Towns	28.65736	58.73255	Cornu 4/6/19	Orange			low	foods	 { "lat": 58.73255, "lon": 28.65736, "name": "Rudhkan", "topType": "low", "product": "foods", "comment": "Towns: Orange (Cornu 4/6/19)", } , 	foods
Kirman		Darfanji	Towns	57.54374	29.05486	Cornu 4/6/19	Fruits			low	foods	 { "lat": 29.05486, "lon": 57.54374, "name": "Darfanji", "topType": "low", "product": "foods", "comment": "Towns: Fruits (Cornu 4/6/19)", } , 	foods
Misr		Akhmim	Towns	31.74378	26.58418	Cornu 10/11	Dates, grapes, agricultural products			medium	foods	 { "lat": 26.58418, "lon": 31.74378, "name": "Akhmim", "topType": "medium", "product": "foods", "comment": "Towns: Dates, grapes, agricultural products (Cornu 10/11)", } , 	foods